userId,itemIds
78,"[8961, 4306, 1197, 1580, 364, 1198, 1270, 367, 480, 2081]"
82,"[296, 318, 58559, 79132, 2959, 2571, 356, 858, 593, 1213]"
121,"[6377, 8961, 4886, 4306, 2355, 364, 588, 595, 2081, 3114]"
144,"[364, 1197, 1270, 2005, 1097, 5103, 1198, 1968, 2918, 2421]"
186,"[8961, 7579, 81845, 318, 2571, 6942, 109374, 1197, 58559, 356]"
232,"[318, 296, 858, 58559, 79132, 2571, 2959, 593, 356, 4993]"
234,"[3114, 8961, 6377, 4306, 364, 1198, 69122, 58559, 318, 356]"
239,"[318, 858, 296, 58559, 79132, 2959, 2571, 356, 4993, 364]"
283,"[6377, 1197, 26712, 364, 4306, 595, 8533, 8961, 2081, 4700]"
322,"[8961, 1197, 500, 364, 318, 356, 367, 588, 1682, 3114]"
323,"[364, 356, 318, 296, 2571, 58559, 79132, 858, 2959, 593]"
372,"[364, 6377, 318, 356, 58559, 8961, 2571, 109374, 858, 1197]"
378,"[6377, 4306, 1197, 4886, 1265, 8961, 39, 2791, 367, 500]"
451,"[6377, 364, 134853, 50658, 318, 3147, 47099, 109374, 1682, 7361]"
462,"[1028, 2529, 775, 1202, 5106, 82, 300, 2041, 7394, 6434]"
476,"[6377, 1197, 8961, 7826, 318, 79132, 1270, 1201, 48780, 1198]"
492,"[364, 527, 356, 318, 1197, 858, 58559, 296, 2571, 79132]"
525,"[318, 296, 858, 58559, 79132, 2959, 2571, 356, 593, 1213]"
533,"[364, 6377, 4306, 2081, 588, 595, 8961, 4886, 1197, 52767]"
51,"[58559, 79132, 318, 2571, 2959, 4993, 296, 2153, 80463, 109374]"
116,"[318, 296, 356, 364, 2571, 2959, 593, 480, 1682, 1704]"
288,"[1387, 318, 58559, 79132, 858, 296, 2571, 2959, 356, 4993]"
24,"[1197, 318, 296, 58559, 1198, 8961, 2571, 109374, 364, 80463]"
150,"[69406, 1307, 97921, 1784, 5299, 539, 49286, 4246, 2671, 6942]"
425,"[318, 296, 858, 58559, 79132, 2959, 2571, 593, 1213, 48516]"
480,"[1197, 1265, 318, 296, 109374, 58559, 7361, 1732, 79132, 1682]"
521,"[8533, 1307, 2028, 318, 539, 110, 3147, 356, 3578, 5995]"
559,"[318, 356, 296, 858, 58559, 364, 2571, 79132, 109374, 80463]"
573,"[318, 858, 296, 58559, 79132, 2571, 356, 364, 2153, 80463]"
133,"[2739, 3554, 72737, 88810, 364, 47099, 62553, 1907, 8533, 1]"
177,"[904, 933, 178, 766, 2383, 2514, 1980, 2524, 2722, 3729]"
286,"[47099, 97921, 46578, 7361, 88810, 86882, 318, 8533, 109374, 2028]"
332,"[296, 318, 356, 58559, 858, 2959, 79132, 2571, 593, 1213]"
387,"[17, 4, 223, 351, 1095, 838, 2114, 3564, 3499]"
402,"[367, 500, 1485, 39, 231, 1777, 1569, 1682, 1265, 1197]"
404,"[3257, 377, 380, 457, 339, 165, 2803, 367, 350, 318]"
453,"[1197, 6942, 5103, 1013, 47099, 7826, 8533, 2005, 45720, 318]"
464,"[2739, 3844, 261, 1197, 5103, 531, 2005, 3255, 2161, 2082]"
534,"[318, 356, 858, 296, 58559, 2959, 2571, 79132, 593, 1213]"
588,"[318, 296, 356, 593, 364, 2571, 1213, 50, 110, 47]"
6,"[318, 356, 858, 58559, 79132, 364, 296, 2571, 4993, 2959]"
28,"[357, 2301, 2307, 16, 18, 21, 891, 1279, 1103]"
46,"[1197, 46578, 97921, 109374, 56367, 1682, 6711, 86882, 1732, 7361]"
64,"[318, 296, 858, 356, 58559, 2959, 2571, 79132, 593, 1213]"
103,"[318, 296, 858, 356, 58559, 79132, 2959, 2571, 593, 4993]"
160,"[296, 318, 356, 58559, 79132, 858, 2959, 2571, 593, 1213]"
215,"[1197, 356, 318, 7361, 109374, 4973, 3147, 97921, 1682, 593]"
220,"[858, 296, 318, 58559, 79132, 109374, 1682, 364, 48516, 356]"
391,"[272, 332, 378, 2395, 5170, 5613, 5, 62, 104, 348]"
418,"[1197, 4973, 318, 296, 899, 858, 109374, 7361, 58559, 164909]"
435,"[1197, 1, 595, 8961, 56152, 4306, 364, 588, 6377, 2081]"
437,"[1197, 7361, 1265, 4973, 109374, 86882, 46578, 318, 1682, 45720]"
555,"[318, 296, 58559, 356, 858, 2959, 2571, 79132, 593, 1213]"
562,"[1197, 7361, 4973, 318, 356, 109374, 858, 79132, 58559, 296]"
587,"[500, 367, 1485, 1580, 344, 2273, 8961, 586, 69122, 145]"
313,"[318, 296, 58559, 2959, 858, 79132, 2571, 593, 1213, 48516]"
361,"[296, 318, 858, 79132, 58559, 2959, 2571, 7361, 593, 356]"
362,"[318, 858, 79132, 356, 58559, 364, 296, 2571, 593, 1197]"
438,"[318, 296, 58559, 79132, 858, 2959, 2571, 356, 593, 1213]"
469,"[296, 318, 58559, 79132, 2959, 858, 2571, 593, 356, 4993]"
45,"[318, 296, 58559, 79132, 2571, 2959, 858, 4993, 2153, 356]"
202,"[1197, 318, 356, 58559, 109374, 1682, 80463, 8961, 48780, 48516]"
235,"[5103, 457, 39, 318, 296, 356, 364, 110, 1682, 1704]"
279,"[318, 356, 858, 296, 58559, 2959, 2571, 79132, 593, 4993]"
368,"[1197, 318, 7361, 109374, 1682, 8533, 1198, 4973, 364, 164909]"
395,"[5103, 457, 1197, 318, 480, 367, 1036, 364, 1387, 1270]"
494,"[2005, 4135, 4128, 2617, 2, 93840, 1197, 103688, 1198, 66097]"
498,"[1197, 356, 2005, 1682, 318, 1198, 1270, 364, 367, 296]"
536,"[457, 1036, 318, 1198, 2000, 296, 58559, 5418, 79132, 48516]"
586,"[1198, 1197, 1270, 112852, 8961, 69122, 58559, 71535, 6539, 2153]"
603,"[300, 205, 367, 1094, 1103, 1719, 2401, 2431, 5294]"
608,"[4508, 41, 8, 76, 193, 432, 743, 181, 3070]"
140,"[318, 296, 58559, 79132, 2571, 2959, 858, 593, 48516, 3578]"
264,"[1036, 1608, 3868, 1485, 457, 500, 377, 380, 1682, 733]"
1,"[318, 296, 2959, 58559, 79132, 593, 2571, 48516, 50, 47]"
294,"[58559, 79132, 318, 858, 296, 2571, 356, 4993, 2959, 364]"
606,"[198, 306, 1246, 1873, 345, 10, 64, 148, 266]"
42,"[7361, 318, 79132, 109374, 58559, 296, 2959, 2571, 858, 356]"
256,"[11, 71, 278, 927, 1015, 1040, 1209, 1405, 1805, 2050]"
590,"[318, 296, 58559, 79132, 858, 356, 2571, 364, 80463, 109374]"
217,"[94, 1594, 150, 181, 382, 118, 2201, 2917, 215, 61]"
353,"[296, 318, 2959, 2571, 593, 50, 47, 1213, 2762, 3147]"
365,"[2006, 234, 1990, 933, 12, 1188, 1237, 16, 1895, 2048]"
373,"[2124, 551, 1265, 2, 367, 1580, 39, 364, 500, 1]"
380,"[12, 40, 74, 76, 92, 1031, 1078, 1148, 1411, 1954]"
199,"[318, 858, 296, 58559, 79132, 2959, 2571, 593, 356, 4993]"
58,"[318, 356, 296, 858, 58559, 2959, 2571, 79132, 593, 1213]"
68,"[3095, 1939, 3459, 430, 3461, 26, 2632, 2377, 54962, 43]"
107,"[3006, 3386, 6, 457, 2268, 48516, 349, 16, 2803, 50]"
134,"[3386, 48516, 41997, 6787, 6, 3006, 51540, 2268, 457, 1267]"
176,"[318, 296, 356, 858, 1213, 58559, 2959, 1682, 7361, 109374]"
240,"[318, 296, 58559, 364, 2959, 8961, 48516, 1, 2571, 356]"
284,"[296, 318, 1213, 858, 2959, 58559, 109374, 48516, 2858, 1732]"
349,"[527, 593, 318, 858, 296, 1997, 541, 2268, 2762, 480]"
414,"[2717, 870, 1179, 69, 132, 2435, 229, 194, 2325]"
419,"[296, 318, 58559, 2959, 2571, 79132, 858, 593, 48516, 1213]"
428,"[318, 296, 858, 58559, 2959, 79132, 2571, 48516, 1213, 593]"
468,"[527, 318, 858, 356, 364, 5995, 3147, 2324, 1682, 1197]"
18,"[589, 251, 479, 491, 1137, 1215, 15, 68, 229, 1177]"
136,"[6539, 1197, 7826, 109374, 8533, 4973, 364, 7143, 7361, 215]"
191,"[1197, 7361, 318, 8533, 109374, 164909, 58559, 7579, 79132, 593]"
75,"[858, 296, 318, 2959, 48516, 58559, 79132, 48780, 8533, 5418]"
77,"[1213, 858, 296, 48516, 6, 318, 2959, 2329, 58559, 50]"
96,"[1213, 296, 318, 356, 858, 2959, 58559, 2571, 79132, 48516]"
124,"[296, 858, 2959, 318, 79132, 48516, 99114, 58559, 55820, 593]"
171,"[858, 318, 7579, 1307, 58559, 79132, 593, 103688, 541, 2959]"
266,"[296, 318, 2959, 58559, 79132, 858, 2571, 1213, 593, 48516]"
308,"[1213, 296, 858, 318, 2959, 48516, 2858, 58559, 79132, 2571]"
364,"[1213, 858, 48516, 6, 296, 318, 4262, 50, 1206, 1089]"
400,"[858, 296, 318, 6, 58559, 79132, 48516, 2959, 1198, 50]"
416,"[858, 48516, 1213, 318, 296, 8533, 7361, 112556, 4995, 7178]"
422,"[1213, 48516, 296, 318, 858, 608, 1732, 4011, 2502, 54503]"
441,"[48516, 1213, 318, 47, 50, 6, 6870, 628, 2268, 593]"
475,"[858, 7361, 593, 899, 364, 39, 1997, 2858, 2572, 1]"
514,"[296, 318, 858, 58559, 2959, 79132, 2571, 48516, 1213, 593]"
551,"[296, 318, 356, 109374, 1, 858, 1197, 50, 4973, 2762]"
570,"[296, 318, 2959, 58559, 79132, 858, 1213, 2571, 48516, 593]"
4,"[318, 356, 858, 58559, 79132, 2571, 2959, 364, 593, 2153]"
17,"[7579, 1197, 1013, 8533, 1, 539, 356, 364, 6942, 6377]"
37,"[7579, 8533, 7361, 164909, 97921, 215, 55052, 111921, 39183, 180031]"
119,"[7579, 1258, 7361, 109374, 858, 4973, 593, 1197, 2959, 58559]"
152,"[7579, 515, 910, 7361, 4973, 109374, 5618, 1258, 1197, 2762]"
227,"[318, 7361, 296, 593, 79132, 48516, 2762, 2959, 8533, 103688]"
262,"[7579, 8533, 55052, 39183, 7361, 111921, 97921, 164909, 7178, 215]"
309,"[1197, 7361, 318, 58559, 109374, 2959, 593, 1968, 79132, 1682]"
339,"[318, 7361, 858, 79132, 58559, 296, 2959, 2571, 593, 48516]"
357,"[1197, 7361, 109374, 318, 58559, 4973, 79132, 858, 356, 296]"
413,"[7579, 1307, 318, 97921, 8533, 58559, 164909, 858, 7361, 79132]"
477,"[17, 179, 352, 274, 461, 472, 795, 2131, 2177]"
513,"[318, 79132, 858, 58559, 593, 7361, 2959, 2571, 296, 541]"
542,"[7579, 7147, 39, 1544, 46578, 1197, 7361, 4973, 318, 919]"
558,"[7579, 8533, 55052, 39183, 7361, 111921, 97921, 164909, 180031, 215]"
568,"[7579, 838, 55052, 8533, 613, 39183, 111921, 7361, 97921, 164909]"
583,"[7579, 1013, 261, 837, 8533, 500, 111921, 586, 1197, 6377]"
599,"[17, 157, 1214, 1135, 1028, 1393, 1597, 1081, 1836, 7361]"
602,"[7579, 2571, 1784, 46578, 1197, 1682, 318, 551, 2762, 1258]"
609,"[7579, 595, 1197, 318, 364, 8533, 1, 858, 164909, 58559]"
81,"[296, 109374, 1197, 1682, 364, 318, 356, 8961, 7826, 1035]"
130,"[296, 109374, 2959, 50, 2858, 1089, 2762, 318, 47, 593]"
198,"[296, 318, 2959, 2571, 58559, 79132, 109374, 7361, 80463, 1682]"
248,"[296, 109374, 1732, 4011, 79132, 318, 58559, 2959, 2571, 356]"
486,"[296, 318, 356, 364, 1, 2571, 2959, 1682, 1704, 3147]"
507,"[296, 109374, 1732, 356, 1265, 1197, 4973, 1682, 7361, 46578]"
561,"[296, 318, 2571, 2959, 58559, 79132, 858, 593, 48516, 1213]"
56,"[231, 69, 296, 367, 2273, 223, 145, 555, 3253, 1732]"
274,"[180, 193, 491, 1130, 2130, 3152, 4993, 5222, 6195, 6273]"
484,"[1682, 318, 296, 58559, 2959, 593, 48516, 109374, 48780, 79132]"
99,"[296, 58559, 79132, 48516, 4011, 2959, 1732, 6, 318, 1089]"
304,"[296, 7361, 318, 109374, 79132, 858, 58559, 2959, 2571, 80463]"
340,"[6, 50, 16, 110, 47, 296, 318, 356, 593, 1213]"
376,"[1036, 296, 2571, 318, 79132, 58559, 356, 593, 480, 364]"
386,"[1036, 2000, 457, 377, 380, 733, 6, 1552, 2058, 2353]"
446,"[457, 1197, 318, 1682, 58559, 7361, 79132, 109374, 48780, 80463]"
524,"[296, 318, 2959, 858, 79132, 58559, 356, 2571, 593, 1213]"
8,"[296, 318, 2571, 2959, 593, 858, 79132, 132333, 58559, 50]"
34,"[296, 1732, 608, 4979, 4011, 46578, 38061, 57669, 61323, 158238]"
41,"[318, 296, 58559, 79132, 858, 2959, 2571, 356, 593, 4993]"
70,"[296, 318, 58559, 79132, 2959, 858, 2571, 110, 48516, 7361]"
84,"[608, 380, 1197, 318, 1682, 109374, 593, 1732, 364, 48516]"
105,"[122, 204, 2540, 4278, 4342, 77, 104, 2990, 4307]"
187,"[296, 318, 79132, 58559, 2959, 858, 2571, 593, 1213, 48516]"
224,"[296, 48516, 79132, 318, 58559, 2959, 2571, 47, 541, 50]"
251,"[296, 318, 2959, 858, 79132, 48516, 2028, 58559, 1213, 527]"
301,"[296, 109374, 1, 1197, 318, 356, 364, 1682, 8961, 69122]"
347,"[296, 318, 2959, 58559, 79132, 48516, 2571, 50, 1682, 47]"
423,"[296, 48516, 79132, 58559, 2959, 318, 2571, 6, 132333, 541]"
463,"[296, 1732, 1682, 1197, 318, 7361, 109374, 79132, 364, 50]"
470,"[296, 318, 858, 58559, 79132, 2571, 2959, 4993, 364, 356]"
474,"[318, 296, 58559, 79132, 858, 2571, 2959, 4993, 80463, 109374]"
495,"[296, 318, 58559, 79132, 858, 2959, 2571, 356, 593, 48516]"
567,"[296, 318, 58559, 79132, 2959, 2571, 858, 356, 593, 1213]"
93,"[47, 2762, 48780, 4226, 50, 7361, 48516, 2959, 79132, 2571]"
19,"[356, 1035, 1603, 1542, 1554, 24, 23, 160, 322, 728]"
316,"[296, 318, 2959, 58559, 79132, 109374, 48516, 7361, 1682, 1732]"
330,"[296, 318, 2959, 58559, 79132, 2571, 858, 593, 1213, 48516]"
379,"[457, 6, 318, 79132, 48516, 8533, 112556, 5418, 80463, 69406]"
432,"[318, 58559, 79132, 109374, 48780, 364, 858, 2571, 356, 296]"
100,"[7361, 6711, 97921, 46578, 109374, 106920, 86882, 96821, 56367, 4973]"
165,"[318, 356, 858, 296, 58559, 2959, 2571, 1213, 593, 79132]"
26,"[318, 356, 296, 858, 1213, 58559, 2959, 109374, 1682, 1732]"
54,"[2396, 1246, 1682, 7361, 2858, 1704, 318, 356, 47099, 3147]"
79,"[318, 356, 296, 858, 58559, 2959, 364, 2571, 109374, 7361]"
156,"[7361, 318, 79132, 109374, 48780, 97921, 48516, 1682, 2959, 58559]"
170,"[318, 296, 858, 2959, 58559, 1213, 2571, 79132, 48516, 80463]"
577,"[318, 296, 858, 2959, 58559, 2571, 356, 79132, 593, 48516]"
592,"[318, 364, 527, 1, 1197, 79132, 858, 58559, 1198, 2959]"
21,"[318, 7361, 1197, 858, 79132, 58559, 356, 296, 2571, 2959]"
126,"[7579, 8533, 17, 55052, 7361, 111921, 39183, 97921, 179119, 164909]"
141,"[1197, 7361, 318, 109374, 4973, 1682, 58559, 364, 8533, 79132]"
159,"[1197, 2005, 837, 2161, 1097, 5103, 2797, 3489, 531, 2420]"
193,"[1259, 318, 1097, 1682, 96821, 2762, 1197, 7361, 3147, 79132]"
307,"[2316, 2338, 2520, 2058, 1227, 1721, 836, 2055, 4065]"
359,"[1259, 48394, 318, 2762, 457, 1387, 4720, 3147, 593, 1258]"
489,"[3696, 4306, 2055, 2177, 2266, 2947, 181, 429, 3384]"
503,"[5103, 2005, 1259, 1197, 1097, 531, 837, 2161, 2761, 2420]"
580,"[318, 356, 58559, 296, 858, 79132, 2571, 2959, 364, 80463]"
94,"[7579, 89470, 59258, 17, 8361, 86833, 7361, 5418, 54503, 79132]"
109,"[17, 531, 457, 357, 1682, 367, 364, 539, 1407, 2273]"
132,"[8533, 97921, 7361, 164909, 7579, 69757, 111921, 88163, 104374, 109374]"
179,"[318, 296, 2959, 858, 58559, 356, 2571, 1213, 593, 3578]"
318,"[318, 858, 296, 58559, 2959, 2571, 79132, 593, 48516, 1213]"
411,"[17, 39, 1197, 7361, 1307, 1682, 4973, 8533, 1265, 97921]"
426,"[17, 2762, 357, 2000, 7361, 74545, 8533, 6, 4720, 1912]"
448,"[1086, 1009, 4002, 433, 3040, 1270, 223, 5752, 246]"
566,"[17, 1197, 1307, 1, 367, 364, 39, 356, 2124, 296]"
593,"[318, 296, 858, 2959, 593, 79132, 48516, 58559, 2571, 47]"
16,"[48394, 7361, 2571, 79132, 541, 48780, 2762, 1682, 1197, 4878]"
38,"[48394, 7361, 4973, 109374, 1682, 4979, 46578, 48082, 6711, 30810]"
173,"[48394, 1199, 1175, 4973, 69951, 59387, 7361, 109374, 48082, 7147]"
222,"[4973, 7361, 109374, 27773, 48394, 1682, 48780, 7826, 94959, 79132]"
230,"[2571, 7361, 79132, 48780, 541, 1682, 4878, 1527, 1748, 84954]"
367,"[48394, 7361, 4973, 109374, 318, 79132, 48780, 1682, 58559, 2959]"
527,"[48394, 7361, 4973, 109374, 79132, 318, 2959, 48780, 1682, 1197]"
539,"[48394, 48780, 1748, 4720, 2762, 4878, 2571, 79132, 541, 1258]"
565,"[48394, 4973, 7361, 109374, 4878, 180031, 27773, 59387, 1175, 48082]"
572,"[48394, 4973, 7361, 109374, 48780, 1682, 318, 79132, 1197, 2959]"
182,"[296, 318, 58559, 79132, 2959, 2571, 858, 4993, 80463, 109374]"
226,"[296, 318, 2959, 58559, 79132, 2571, 858, 593, 1213, 48516]"
147,"[49910, 3071, 1246, 4616, 31225, 72641, 3916, 47423, 47099, 1704]"
102,"[2571, 7361, 1682, 109374, 1270, 1197, 8961, 7826, 6377, 2005]"
394,"[79132, 7361, 48780, 541, 1682, 4226, 106920, 2571, 8533, 2762]"
447,"[296, 318, 2959, 2571, 79132, 50, 7361, 593, 4226, 47]"
32,"[1, 318, 296, 356, 364, 2571, 593, 1682, 1704, 3147]"
115,"[1, 318, 356, 364, 1682, 1197, 8961, 3147, 595, 47099]"
201,"[318, 296, 858, 58559, 79132, 2571, 2959, 593, 1213, 48516]"
254,"[1, 1197, 364, 356, 318, 8961, 109374, 58559, 7361, 858]"
282,"[364, 1, 356, 1197, 318, 8961, 58559, 1035, 2571, 858]"
292,"[531, 86, 88, 1873, 903, 1354, 1325, 928, 809, 1730]"
385,"[318, 356, 858, 296, 58559, 2571, 79132, 2959, 593, 364]"
600,"[318, 356, 858, 296, 58559, 79132, 2571, 2959, 593, 1213]"
20,"[318, 296, 356, 858, 58559, 2959, 79132, 2571, 593, 1213]"
488,"[318, 62, 233, 333, 492, 178, 36, 4699]"
27,"[1013, 36, 380, 17, 457, 1197, 318, 356, 364, 296]"
43,"[2413, 1197, 1270, 2005, 2918, 2716, 1198, 318, 364, 356]"
302,"[318, 296, 2959, 58559, 79132, 2571, 858, 1213, 48516, 3578]"
529,"[2572, 838, 7451, 7579, 4447, 4246, 4700, 2396, 2485, 412]"
135,"[233, 1653, 1029, 99, 155, 521, 416, 1430, 1759, 3060]"
219,"[296, 318, 858, 2959, 58559, 79132, 2571, 1213, 593, 48516]"
517,"[324, 85, 918, 1104, 2446, 1769, 2133, 40, 613, 181]"
59,"[318, 356, 858, 296, 58559, 2571, 79132, 593, 2959, 4993]"
249,"[352, 1391, 1352, 900, 2772, 76, 1078, 1960, 928, 788]"
531,"[110, 527, 2028, 3578, 5995, 1208, 1090, 1222, 1178, 2427]"
553,"[1411, 4973, 26999, 109374, 7826, 2324, 2081, 2360, 362, 34072]"
589,"[527, 318, 356, 858, 296, 593, 1213, 3147, 50, 2858]"
178,"[296, 318, 2959, 858, 58559, 79132, 2571, 1213, 593, 48516]"
244,"[296, 318, 2959, 858, 79132, 58559, 1213, 48516, 2571, 593]"
7,"[7361, 79132, 318, 2571, 106920, 541, 8533, 109487, 48780, 111921]"
31,"[318, 79132, 109374, 1, 593, 364, 58559, 296, 6377, 2959]"
153,"[904, 943, 1086, 482, 1290, 5027, 910, 43, 481, 3385]"
265,"[1183, 17, 318, 356, 296, 2571, 364, 1682, 593, 1]"
270,"[318, 2959, 858, 79132, 58559, 1213, 48516, 608, 1732, 132333]"
305,"[479, 64, 1275, 5459, 2344, 43, 193, 238, 2997]"
552,"[318, 858, 79132, 58559, 296, 2959, 2571, 593, 356, 48516]"
579,"[1183, 1198, 457, 39183, 58559, 3494, 8533, 79132, 55820, 1266]"
36,"[2858, 2959, 296, 1682, 48516, 79132, 318, 58559, 48780, 47]"
280,"[296, 2959, 318, 58559, 79132, 2571, 593, 858, 1213, 47]"
290,"[296, 2959, 318, 58559, 79132, 2571, 858, 593, 1213, 48516]"
597,"[296, 318, 2959, 58559, 79132, 858, 2571, 593, 1213, 48516]"
50,"[8533, 97921, 164909, 7579, 69757, 6942, 109374, 88163, 7361, 1197]"
560,"[318, 7361, 858, 1197, 79132, 58559, 356, 2959, 2571, 296]"
483,"[198, 252, 254, 953, 2525, 3425, 4871, 2109, 1120, 8533]"
57,"[318, 356, 296, 858, 58559, 109374, 47099, 92259, 1682, 7361]"
275,"[318, 356, 58559, 79132, 858, 296, 2571, 2959, 4993, 80463]"
276,"[356, 318, 7361, 4973, 1682, 97921, 134130, 106920, 109374, 109487]"
456,"[41566, 50601, 48394, 1197, 7147, 2324, 7826, 5995, 109374, 2028]"
120,"[55080, 5387, 4465, 67255, 2803, 3102, 3249, 4354, 6810, 1343]"
167,"[318, 296, 58559, 79132, 109374, 7361, 858, 2571, 2959, 80463]"
328,"[318, 296, 858, 2959, 58559, 356, 2571, 79132, 593, 48516]"
61,"[318, 296, 2959, 2571, 593, 1213, 3147, 47, 50, 2858]"
66,"[318, 296, 858, 58559, 2959, 79132, 2571, 593, 1213, 48516]"
76,"[36, 39, 110, 1, 50, 150, 16, 6, 17, 318]"
128,"[1246, 1704, 318, 47099, 4995, 3147, 527, 356, 88810, 81845]"
310,"[1246, 3897, 6942, 1682, 8784, 46578, 89904, 3481, 6711, 7361]"
405,"[1246, 1682, 2571, 6, 1015, 2918, 2005, 457, 1009, 1258]"
509,"[62, 1112, 1493, 1126, 3106, 3599, 99, 147, 239, 432]"
610,"[223, 220, 736, 1347, 2243, 1825, 2266, 4056, 4822, 5524]"
122,"[296, 318, 858, 2959, 58559, 356, 2571, 1213, 79132, 593]"
261,"[296, 69122, 555, 2273, 145, 69, 2000, 367, 1059, 70]"
369,"[296, 318, 1732, 2959, 593, 2571, 356, 2762, 1213, 364]"
370,"[296, 318, 2959, 2571, 356, 593, 1213, 364, 1682, 3147]"
393,"[296, 69122, 2959, 8874, 1682, 1258, 54503, 2858, 71535, 103688]"
424,"[296, 1197, 318, 356, 58559, 7361, 364, 858, 79132, 2959]"
83,"[1, 1197, 318, 356, 364, 58559, 8961, 858, 2571, 296]"
384,"[1307, 1247, 318, 539, 8784, 3147, 1230, 6711, 2268, 899]"
434,"[296, 318, 2959, 2571, 58559, 79132, 593, 858, 48516, 1213]"
452,"[231, 380, 1197, 1580, 367, 2273, 39, 457, 480, 364]"
39,"[296, 318, 2959, 2571, 356, 593, 364, 1213, 3147, 1682]"
114,"[4973, 164909, 109374, 912, 86882, 899, 89904, 1183, 8533, 55052]"
263,"[1197, 1307, 318, 356, 58559, 109374, 1682, 364, 858, 7361]"
348,"[296, 69122, 122904, 8874, 79132, 8641, 58559, 54503, 6874, 109374]"
52,"[1197, 2762, 1270, 318, 919, 58559, 364, 79132, 356, 2571]"
72,"[2273, 145, 2000, 4085, 1580, 367, 4701, 380, 93510, 6764]"
164,"[69122, 296, 318, 58559, 79132, 1213, 858, 2959, 2571, 593]"
334,"[296, 318, 58559, 79132, 858, 2959, 2571, 80463, 109374, 364]"
540,"[1777, 2671, 1197, 7361, 8533, 86882, 2762, 539, 49286, 48780]"
582,"[69122, 480, 899, 30793, 103688, 54503, 1270, 364, 1258, 1197]"
596,"[296, 318, 2959, 58559, 79132, 2571, 858, 1213, 48516, 80463]"
287,"[296, 109374, 318, 7361, 58559, 1682, 79132, 364, 858, 356]"
409,"[296, 2959, 318, 79132, 58559, 48516, 109374, 593, 7361, 1732]"
605,"[296, 318, 58559, 2959, 79132, 2571, 858, 593, 1213, 48516]"
9,"[2571, 8874, 79702, 2657, 71535, 1197, 51255, 2174, 1261, 4308]"
62,"[296, 7361, 2959, 318, 79132, 58559, 2571, 858, 593, 48516]"
200,"[296, 318, 58559, 2959, 79132, 2571, 593, 858, 356, 1213]"
212,"[457, 1197, 2762, 109374, 318, 7361, 48780, 1035, 79132, 1682]"
392,"[457, 58559, 79132, 5418, 318, 48516, 3578, 2571, 2959, 48780]"
497,"[296, 48516, 6, 1089, 4776, 1206, 858, 1213, 318, 2959]"
510,"[1036, 2000, 69122, 457, 318, 58559, 79132, 296, 2571, 1213]"
298,"[1197, 7361, 318, 296, 58559, 79132, 858, 2959, 2571, 356]"
356,"[4979, 7361, 296, 318, 109374, 2959, 4973, 58559, 79132, 858]"
450,"[7361, 109374, 79132, 6711, 1682, 318, 58559, 48780, 1197, 541]"
110,"[527, 595, 509, 2762, 551, 2858, 2710, 2081, 296, 1258]"
317,"[296, 318, 58559, 2959, 79132, 858, 2571, 356, 593, 4993]"
465,"[527, 8533, 58559, 296, 79132, 69122, 1198, 4993, 318, 1197]"
69,"[7361, 1682, 48516, 8874, 79132, 8533, 296, 103688, 1527, 318]"
101,"[8533, 7361, 7579, 55052, 97921, 111921, 164909, 180031, 168492, 98230]"
195,"[1197, 7361, 109374, 97921, 318, 79132, 4973, 58559, 1682, 164909]"
211,"[7361, 296, 2858, 2959, 318, 109374, 1682, 58559, 79132, 1197]"
246,"[318, 356, 858, 1721, 912, 7361, 8533, 164909, 111921, 4995]"
312,"[318, 7361, 858, 296, 58559, 2959, 79132, 593, 2571, 48516]"
344,"[8533, 7361, 7579, 55052, 97921, 164909, 111921, 215, 39183, 180031]"
350,"[597, 8533, 1954, 6942, 47099, 97921, 2421, 1197, 111921, 1968]"
354,"[8533, 97921, 88163, 69406, 380, 1197, 457, 7178, 49286, 318]"
295,"[1682, 46578, 97921, 56367, 47099, 109374, 91077, 96821, 261, 168326]"
149,"[541, 58559, 79132, 318, 2571, 164909, 48780, 364, 48516, 480]"
221,"[2571, 7361, 5418, 296, 318, 79132, 109374, 593, 1, 58559]"
303,"[2571, 79132, 2762, 318, 2959, 58559, 48780, 457, 593, 50]"
412,"[2571, 2000, 69, 296, 7361, 47, 1197, 318, 2959, 593]"
74,"[318, 2959, 58559, 79132, 858, 2571, 593, 48516, 132333, 48780]"
137,"[1192, 1719, 1197, 39, 8264, 1968, 5995, 1262, 1732, 7361]"
225,"[457, 2762, 5418, 1258, 2571, 858, 79132, 593, 1198, 1219]"
91,"[318, 296, 58559, 79132, 858, 2959, 2571, 593, 1213, 48516]"
104,"[296, 318, 2959, 58559, 79132, 858, 2571, 1213, 593, 48516]"
410,"[318, 2959, 858, 79132, 58559, 2571, 1213, 593, 48516, 47]"
554,"[318, 296, 858, 2959, 79132, 58559, 48516, 8533, 5418, 97921]"
168,"[457, 1197, 318, 5418, 8961, 58559, 2571, 8533, 593, 364]"
352,"[318, 58559, 79132, 2959, 2571, 296, 858, 593, 48516, 48780]"
197,"[2739, 46578, 318, 4973, 88810, 858, 109374, 30707, 296, 92259]"
231,"[3021, 46578, 4973, 109374, 92259, 7361, 113275, 7826, 89904, 86882]"
407,"[4973, 46578, 7361, 109374, 94959, 6711, 1682, 4979, 106920, 2997]"
53,"[356, 318, 7361, 109374, 164909, 1682, 97921, 86882, 4973, 1197]"
89,"[3916, 3953, 3977, 3978, 3994, 3912, 3946, 4029, 3503, 2130]"
63,"[1197, 7361, 109374, 97921, 86882, 1682, 4973, 46578, 318, 96821]"
491,"[318, 356, 4993, 1, 2028, 58559, 296, 79132, 109374, 48516]"
482,"[318, 296, 356, 58559, 858, 2959, 2571, 593, 79132, 48516]"
518,"[586, 500, 367, 344, 231, 39, 1517, 1923, 3948, 4816]"
431,"[333, 231, 69122, 54503, 8641, 1732, 55247, 318, 58559, 109374]"
111,"[4641, 3877, 44597, 4612, 4581, 4583, 4602, 4521, 4533]"
183,"[1036, 6, 457, 555, 2194, 1101, 1732, 48516, 80463, 134130]"
363,"[48516, 1252, 3006, 1082, 1617, 6787, 2194, 954, 1747, 1883]"
297,"[109374, 4954, 86882, 6378, 1197, 38061, 380, 51255, 158238, 54503]"
125,"[1197, 1265, 1270, 318, 356, 364, 2571, 58559, 79132, 109374]"
522,"[1197, 1265, 318, 356, 1682, 109374, 7361, 80463, 92259, 164909]"
382,"[318, 79132, 58559, 858, 296, 2959, 2571, 593, 48516, 48780]"
29,"[3552, 1197, 1265, 318, 858, 356, 296, 58559, 2571, 79132]"
166,"[356, 318, 296, 58559, 858, 79132, 2571, 2959, 593, 48516]"
216,"[318, 296, 58559, 79132, 858, 2959, 2571, 593, 356, 48516]"
80,"[296, 318, 2959, 858, 79132, 58559, 7361, 2571, 1213, 48516]"
268,"[46578, 7361, 6711, 109374, 97921, 1682, 318, 96821, 80463, 116797]"
129,"[45720, 4816, 39, 2791, 1258, 122882, 2762, 109374, 5418, 1682]"
325,"[296, 318, 2959, 58559, 79132, 2571, 858, 593, 1213, 48516]"
457,"[2571, 47099, 1682, 318, 79132, 58559, 356, 3147, 364, 109374]"
493,"[527, 5995, 2324, 318, 1, 364, 1682, 3147, 6377, 109374]"
607,"[356, 318, 58559, 79132, 858, 296, 2571, 364, 2153, 80463]"
131,"[1307, 97921, 7361, 1, 109374, 6711, 50658, 86882, 1197, 4973]"
247,"[1197, 1270, 8961, 109374, 1198, 318, 58559, 1, 2571, 356]"
549,"[1777, 1307, 97921, 88163, 4246, 2572, 6942, 69406, 2671, 49286]"
595,"[134130, 104841, 109487, 79132, 318, 58559, 2959, 48780, 48516, 74458]"
520,"[608, 318, 296, 593, 1682, 364, 1704, 2571, 356, 2959]"
398,"[1198, 1197, 112852, 8961, 152081, 69122, 6539, 367, 8972, 1580]"
95,"[296, 48516, 79132, 318, 2959, 58559, 2571, 1213, 858, 593]"
594,"[296, 318, 2959, 58559, 2571, 356, 79132, 858, 593, 48516]"
390,"[1704, 318, 356, 858, 296, 3147, 2959, 2858, 48516, 527]"
271,"[1183, 318, 2858, 2762, 7361, 2959, 3147, 1682, 48780, 48516]"
327,"[1197, 1035, 4973, 364, 1682, 899, 7147, 7826, 109374, 919]"
396,"[2858, 318, 527, 2959, 858, 356, 296, 3147, 1704, 48516]"
48,"[318, 79132, 58559, 3578, 4993, 110, 2571, 1198, 48516, 91947]"
454,"[4973, 27773, 44555, 7361, 71033, 92259, 31364, 109374, 44555, 5995]"
55,"[750, 908, 68157, 608, 109374, 904, 5060, 1267, 2819, 1747]"
138,"[750, 68157, 61132, 2890, 5060, 173209, 3448, 4349, 3836, 1281]"
278,"[2791, 54503, 8641, 86833, 69122, 60756, 7451, 35836, 4816, 34162]"
237,"[1198, 45447, 480, 80463, 1270, 318, 1197, 134130, 1682, 8961]"
169,"[296, 318, 858, 2959, 58559, 79132, 2571, 593, 48516, 80463]"
236,"[1197, 3494, 54259, 2006, 48394, 7826, 7147, 2761, 1201, 41566]"
403,"[1209, 555, 5669, 1201, 296, 593, 55820, 103688, 148626, 2762]"
546,"[1036, 2000, 1240, 380, 4085, 377, 457, 2716, 1580, 1198]"
88,"[296, 2959, 778, 4878, 3949, 7361, 27773, 1732, 541, 109374]"
255,"[296, 2959, 1089, 1206, 27773, 3535, 288, 3949, 48516, 37733]"
535,"[110, 4995, 2762, 3578, 318, 8533, 5418, 80463, 58559, 79132]"
375,"[80463, 4954, 6378, 1396, 6979, 5989, 1732, 1234, 2502, 2763]"
575,"[141, 457, 1641, 2006, 357, 1485, 733, 1784, 1580, 1682]"
299,"[2571, 541, 5445, 1527, 1653, 1396, 442, 6378, 5903, 1047]"
502,"[2985, 1527, 96737, 5445, 541, 2571, 2916, 1129, 442, 5903]"
420,"[1036, 457, 2762, 1270, 318, 1198, 1197, 858, 296, 58559]"
86,"[1036, 296, 58559, 79132, 318, 2571, 2959, 593, 48516, 132333]"
113,"[296, 318, 58559, 2959, 858, 79132, 2571, 1213, 593, 48516]"
528,"[2571, 79132, 58559, 296, 318, 1240, 2959, 364, 1258, 2153]"
532,"[296, 48516, 2959, 79132, 318, 58559, 593, 47, 50, 4226]"
547,"[2571, 6, 48516, 79132, 47, 58559, 2959, 5418, 112556, 457]"
585,"[318, 296, 858, 58559, 79132, 48516, 80463, 109374, 99114, 116797]"
208,"[2762, 48394, 4720, 48780, 103688, 1748, 112515, 56339, 2226, 8783]"
67,"[2571, 2959, 79132, 296, 58559, 541, 318, 122882, 48516, 1240]"
326,"[318, 296, 2959, 58559, 79132, 593, 858, 48516, 48780, 1682]"
399,"[81591, 3755, 4720, 4848, 48780, 7305, 155064, 457, 2762, 112556]"
433,"[7451, 45720, 86833, 46578, 56367, 96588, 54503, 69122, 2572, 8376]"
473,"[296, 2959, 2858, 48516, 778, 1089, 1206, 3949, 27773, 318]"
526,"[4308, 7178, 81591, 164909, 89904, 2291, 4973, 180031, 5991, 7361]"
157,"[69406, 97921, 88163, 8533, 4246, 6942, 2671, 49286, 1307, 539]"
415,"[1036, 318, 1291, 296, 1387, 2716, 593, 1197, 2762, 1270]"
449,"[296, 318, 2959, 58559, 79132, 858, 2571, 1213, 109374, 80463]"
345,"[122882, 1197, 112852, 2005, 1270, 480, 1527, 1198, 2617, 1097]"
500,"[2329, 2959, 318, 296, 2571, 1704, 47, 593, 527, 50]"
60,"[318, 858, 58559, 2959, 593, 79132, 1258, 541, 1997, 2571]"
440,"[1246, 364, 1036, 1704, 8961, 1954, 318, 1198, 1197, 58559]"
15,"[1258, 2791, 1036, 2571, 7579, 1197, 593, 364, 8533, 1219]"
408,"[318, 296, 356, 858, 2959, 58559, 79132, 2571, 1213, 7361]"
97,"[318, 79132, 364, 1197, 164909, 58559, 595, 7361, 858, 1]"
139,"[318, 296, 58559, 79132, 858, 2959, 2571, 593, 48516, 80463]"
223,"[2762, 7826, 2413, 4720, 899, 215, 109374, 103688, 164909, 7361]"
466,"[593, 48516, 296, 318, 79132, 58559, 2959, 858, 2571, 132333]"
5,"[2959, 318, 1089, 2858, 50, 3160, 555, 778, 288, 1673]"
14,"[296, 318, 2959, 2571, 593, 2858, 50, 356, 2762, 1213]"
117,"[296, 318, 2959, 858, 58559, 2571, 1213, 593, 48516, 79132]"
123,"[7361, 164909, 1258, 97921, 81591, 109374, 180031, 103688, 4308, 2762]"
162,"[2858, 7361, 6711, 318, 296, 356, 109374, 97921, 46578, 1682]"
314,"[318, 480, 1197, 2571, 356, 364, 296, 58559, 2959, 4993]"
336,"[318, 79132, 58559, 109374, 112556, 1197, 48516, 97921, 5418, 86882]"
374,"[296, 1732, 2959, 608, 1682, 2858, 318, 1213, 356, 593]"
472,"[2858, 318, 2959, 858, 296, 48516, 527, 1704, 80463, 4995]"
601,"[296, 2959, 7361, 318, 50, 2858, 1968, 2571, 593, 6711]"
2,"[1682, 46578, 97921, 6711, 56367, 109374, 86882, 1732, 7361, 4979]"
417,"[899, 910, 922, 909, 898, 913, 318, 912, 904, 919]"
548,"[1682, 46578, 6711, 97921, 56367, 109374, 7361, 8949, 4979, 5902]"
564,"[1265, 2762, 1197, 1270, 318, 8961, 2571, 1, 58559, 356]"
233,"[364, 318, 1036, 8961, 4954, 1, 2571, 1270, 58559, 2028]"
343,"[1015, 364, 1125, 135436, 457, 551, 48516, 1333, 1197, 2762]"
537,"[1197, 3077, 109374, 7826, 364, 4700, 8533, 111921, 109374, 180031]"
22,"[1, 1197, 364, 356, 318, 8961, 1682, 8533, 58559, 2571]"
30,"[1197, 1, 1265, 69122, 86833, 54503, 8641, 7451, 109374, 8874]"
25,"[2761, 50601, 262, 531, 837, 3189, 2420, 1197, 1097, 364]"
65,"[1197, 837, 2005, 3489, 2, 500, 2161, 2797, 5103, 531]"
445,"[1, 1197, 2005, 1270, 837, 5103, 2761, 2161, 3489, 531]"
460,"[318, 858, 79132, 48780, 7361, 2959, 164909, 109374, 48516, 899]"
366,"[5103, 837, 1005, 500, 586, 1013, 2, 3489, 1197, 1]"
523,"[1197, 2791, 1265, 54503, 69122, 86833, 8641, 7451, 8376, 8874]"
112,"[2791, 1197, 1265, 2918, 2716, 39, 3868, 2502, 54503, 8641]"
461,"[1307, 69406, 97921, 88163, 2572, 4246, 49286, 6942, 2671, 1777]"
241,"[4128, 903, 6663, 7706, 1010, 61240, 1086, 3397, 899, 1073]"
581,"[17, 1197, 7361, 97921, 6711, 86882, 8533, 46578, 215, 4973]"
47,"[1197, 356, 318, 1198, 109374, 1682, 58559, 8961, 80463, 7826]"
515,"[2791, 54503, 8641, 231, 69122, 86833, 60756, 2502, 48385, 3868]"
341,"[318, 296, 50, 79132, 48516, 593, 1732, 132333, 608, 58559]"
511,"[1197, 2005, 1035, 2420, 7826, 318, 919, 1682, 364, 1262]"
436,"[46578, 7361, 109374, 318, 1682, 58559, 80463, 8961, 48780, 48516]"
333,"[296, 2959, 318, 79132, 50, 47, 48516, 27773, 48780, 593]"
442,"[296, 318, 2959, 858, 79132, 58559, 2571, 1213, 593, 132333]"
335,"[2502, 69122, 54503, 86833, 60756, 8641, 6188, 35836, 34162, 231]"
3,"[318, 7361, 296, 112556, 97921, 48516, 2858, 79132, 109374, 67255]"
23,"[58559, 54503, 1097, 508, 899, 588, 595, 2791, 858, 1197]"
206,"[6, 48516, 79132, 2959, 58559, 2028, 318, 50, 3578, 5010]"
337,"[48516, 79132, 318, 58559, 2959, 858, 296, 2571, 80463, 7361]"
544,"[296, 48516, 2959, 79132, 58559, 318, 50, 4011, 27773, 1732]"
90,"[318, 858, 2959, 68157, 58559, 1213, 2028, 48516, 99114, 527]"
467,"[2959, 318, 79132, 58559, 1213, 1089, 48516, 132333, 50, 4226]"
35,"[2694, 500, 586, 1013, 837, 2, 5103, 6793, 374, 2082]"
504,"[1682, 46578, 1265, 109374, 97921, 6711, 1732, 7361, 86882, 1197]"
229,"[1407, 47, 5103, 457, 2, 2124, 364, 1682, 837, 367]"
12,"[48394, 66097, 531, 1197, 5618, 7147, 2161, 54259, 50601, 41566]"
346,"[1197, 7361, 4973, 1682, 7147, 86882, 94959, 46578, 109374, 7826]"
321,"[2858, 80463, 47099, 318, 97921, 48516, 92259, 58559, 2959, 109374]"
584,"[318, 356, 364, 2571, 1, 1197, 58559, 595, 8961, 7361]"
40,"[1197, 1307, 364, 539, 318, 1, 356, 595, 1035, 2081]"
185,"[356, 318, 296, 364, 1682, 1704, 3147, 2858, 7361, 109374]"
273,"[356, 296, 318, 58559, 79132, 1682, 109374, 48516, 80463, 112852]"
541,"[356, 318, 296, 364, 2571, 58559, 1, 2959, 858, 79132]"
569,"[46578, 97921, 56367, 6711, 109374, 1682, 7361, 96821, 168326, 92259]"
188,"[318, 356, 296, 58559, 858, 2959, 79132, 2571, 1704, 48516]"
213,"[318, 79132, 7361, 858, 58559, 296, 109374, 364, 8533, 2571]"
421,"[2028, 1208, 1258, 1222, 1997, 1090, 6880, 5010, 112515, 1178]"
427,"[2858, 7361, 46578, 2762, 6711, 1682, 318, 4720, 80463, 81845]"
260,"[318, 858, 79132, 296, 58559, 2959, 2571, 593, 356, 48516]"
285,"[539, 1393, 2671, 1307, 597, 69406, 6942, 4246, 2424, 49286]"
85,"[923, 1258, 593, 79132, 109374, 80463, 2762, 7361, 1732, 296]"
253,"[923, 296, 318, 79132, 527, 2959, 858, 58559, 593, 48516]"
11,"[318, 356, 2571, 1682, 480, 364, 110, 1721, 457, 1]"
155,"[2571, 79132, 5445, 1527, 1270, 2716, 1580, 1682, 1265, 3175]"
108,"[593, 3535, 48516, 2268, 457, 6870, 318, 628, 858, 6]"
143,"[1258, 1197, 904, 899, 2762, 1035, 905, 1997, 919, 912]"
563,"[1258, 112852, 912, 899, 1197, 858, 1198, 593, 109374, 58559]"
161,"[44, 2, 367, 1527, 2273, 2617, 1580, 344, 1291, 1197]"
257,"[1275, 4993, 2571, 110, 1587, 1197, 2193, 41566, 2872, 2617]"
204,"[1197, 97921, 86882, 109374, 7361, 7826, 164909, 6711, 1682, 104374]"
351,"[2791, 1198, 1407, 7361, 912, 1197, 1101, 2571, 111443, 1527]"
479,"[318, 858, 296, 79132, 58559, 2959, 2571, 593, 1213, 48516]"
203,"[590, 1917, 2762, 2406, 553, 1580, 457, 1183, 150, 2006]"
142,"[1036, 58559, 79132, 296, 48516, 8874, 51255, 132333, 593, 103688]"
455,"[2791, 3868, 1517, 8641, 8874, 54503, 4816, 69122, 2716, 61132]"
242,"[357, 2671, 6942, 4246, 1197, 1265, 1307, 539, 1777, 1569]"
174,"[231, 296, 367, 380, 356, 39, 165, 1682, 1732, 2571]"
543,"[4973, 97921, 109374, 86882, 46578, 56367, 88163, 1197, 6942, 69757]"
145,"[1222, 61132, 1090, 69481, 3448, 1183, 2427, 105, 457, 8533]"
406,"[49824, 164909, 5991, 4308, 1873, 3217, 180985, 40826, 3545, 1416]"
33,"[296, 318, 2959, 58559, 79132, 2571, 48516, 858, 1213, 3578]"
311,"[6, 1089, 48516, 296, 4776, 37733, 88129, 50, 55820, 80489]"
181,"[1266, 296, 318, 858, 2959, 593, 2571, 1213, 79132, 58559]"
243,"[3671, 111743, 84944, 368, 4321, 3624, 2478, 3494, 55820, 99114]"
331,"[296, 1732, 7361, 318, 2959, 2571, 79132, 58559, 858, 356]"
501,"[3671, 111743, 368, 3624, 148652, 4321, 2478, 84944, 3494]"
444,"[36, 2268, 457, 2803, 364, 318, 1, 150, 1682, 3147]"
458,"[1197, 500, 586, 367, 1, 39, 2, 364, 539, 356]"
44,"[1704, 1246, 47099, 318, 356, 3147, 58559, 79132, 2571, 3578]"
71,"[1197, 1246, 2006, 500, 4993, 1704, 3489, 4299, 2431, 41566]"
207,"[457, 47, 48516, 67255, 5418, 112556, 5445, 593, 6, 50]"
604,"[2791, 608, 1197, 296, 1732, 7361, 318, 2959, 109374, 79132]"
151,"[46578, 6711, 318, 2858, 7361, 47099, 97921, 88810, 4995, 3147]"
512,"[837, 2161, 1197, 3489, 2, 5103, 364, 7826, 2005, 2797]"
574,"[837, 50601, 262, 41566, 62553, 1197, 2161, 261, 2420, 1013]"
530,"[39, 3175, 1197, 2502, 2716, 1307, 1580, 1732, 1265, 1270]"
429,"[48516, 6, 47, 50, 1617, 55820, 593, 4226, 67255, 112556]"
319,"[2571, 79132, 541, 122882, 1240, 1200, 58559, 2153, 480, 2628]"
194,"[69406, 4246, 88163, 2671, 6942, 6155, 2572, 539, 8533, 1307]"
92,"[1304, 3671, 3494, 86882, 7027, 1197, 4321, 1307, 4327, 1230]"
485,"[296, 4011, 38061, 2542, 555, 57669, 1732, 1089, 158238, 608]"
571,"[527, 318, 79132, 858, 58559, 2959, 296, 2571, 593, 48516]"
389,"[2890, 61132, 69481, 68157, 1222, 1208, 1090, 3448, 40278, 5010]"
277,"[7361, 1197, 79132, 97921, 2571, 8533, 58559, 106920, 134130, 164909]"
73,"[7361, 1197, 4973, 97921, 86882, 46578, 8533, 69757, 6711, 1307]"
478,"[2791, 54503, 86833, 8641, 69122, 7451, 60756, 34162, 231, 35836]"
490,"[296, 318, 858, 2959, 58559, 79132, 2571, 593, 1213, 48516]"
439,"[318, 47, 858, 2959, 296, 48516, 593, 1213, 50, 2858]"
591,"[79132, 58559, 109487, 2571, 318, 48780, 8533, 112556, 7361, 5418]"
267,"[2762, 919, 318, 551, 48516, 48394, 593, 364, 858, 1682]"
10,"[1, 318, 364, 912, 858, 919, 58559, 920, 1262, 1035]"
210,"[1, 296, 356, 318, 1197, 593, 109374, 58559, 858, 79132]"
487,"[1, 6377, 26712, 364, 8961, 318, 356, 858, 296, 2959]"
430,"[2791, 8874, 1197, 51255, 71535, 2716, 69122, 1580, 54503, 8641]"
148,"[1258, 8533, 1219, 7361, 103688, 39183, 1347, 97921, 1997, 78039]"
598,"[78039, 7361, 39183, 97921, 6711, 215, 106920, 8533, 162414, 164909]"
218,"[6016, 27773, 4973, 296, 858, 79132, 318, 2959, 48516, 7361]"
106,"[2571, 480, 1240, 1200, 103688, 122882, 1347, 58559, 1997, 79132]"
190,"[356, 364, 1, 1035, 318, 2081, 1197, 595, 34072, 362]"
184,"[364, 1, 318, 919, 1097, 1197, 858, 1270, 356, 58559]"
87,"[7579, 39, 4246, 6942, 69406, 2572, 97921, 88163, 2671, 8533]"
471,"[2273, 367, 2000, 1527, 51255, 158238, 3740, 1580, 38061, 1197]"
175,"[47, 112556, 104879, 593, 51540, 4226, 48516, 74458, 2959, 50]"
578,"[1, 364, 6377, 8961, 26712, 2081, 1097, 919, 2628, 1270]"
506,"[951, 916, 905, 912, 899, 909, 910, 932, 898, 902]"
189,"[902, 912, 164909, 215, 909, 932, 899, 898, 4973, 7361]"
196,"[912, 7361, 109374, 541, 4973, 318, 2571, 79132, 1682, 50]"
306,"[531, 1225, 7579, 899, 81845, 17, 89904, 1035, 55052, 164909]"
519,"[531, 837, 262, 1013, 1197, 318, 457, 5989, 8533, 112556]"
538,"[899, 1035, 900, 1947, 919, 914, 2559, 901, 6785, 938]"
320,"[910, 1230, 2791, 1197, 1265, 2918, 1732, 1136, 69122, 86833]"
459,"[910, 951, 905, 909, 1230, 2791, 898, 910, 4361, 1281]"
401,"[912, 318, 899, 3435, 898, 904, 905, 858, 919, 908]"
98,"[1197, 4973, 1682, 7361, 109374, 7147, 86882, 7826, 94959, 2761]"
209,"[899, 595, 912, 1035, 920, 919, 900, 364, 2028, 1947]"
252,"[910, 904, 912, 1258, 909, 903, 1219, 920, 2762, 898]"
496,"[905, 955, 898, 951, 6254, 936, 2935, 2936, 3097, 950]"
205,"[912, 905, 898, 920, 913, 930, 3435, 1212, 1254, 922]"
163,"[1197, 7147, 2005, 7826, 54259, 5103, 2161, 837, 50601, 41566]"
238,"[1968, 97921, 7361, 46578, 8784, 56367, 69757, 6711, 3897, 2248]"
358,"[3897, 904, 899, 7361, 608, 6711, 109374, 1258, 4973, 296]"
557,"[3897, 3481, 156387, 111622, 53123, 51084, 106766, 3060, 3477, 1042]"
293,"[296, 1732, 608, 7361, 79132, 318, 4973, 2959, 48516, 109374]"
13,"[41566, 4896, 2161, 837, 1197, 2, 531, 50601, 2005, 1097]"
342,"[109487, 134130, 79132, 318, 541, 48780, 104841, 91947, 2571, 164179]"
377,"[5618, 318, 58559, 79132, 109374, 1258, 7361, 858, 2571, 296]"
443,"[551, 66097, 103688, 364, 1347, 1, 1997, 595, 1982, 6377]"
49,"[8533, 7361, 97921, 164909, 7579, 55052, 111921, 215, 39183, 180031]"
550,"[750, 5060, 4349, 61132, 3448, 68157, 1222, 1281, 2890, 91126]"
291,"[858, 1219, 541, 318, 1214, 1997, 1206, 593, 1258, 924]"
272,"[899, 8874, 1197, 296, 51255, 109374, 1258, 4954, 112852, 79132]"
397,"[96488, 137337, 60766, 100556, 85774, 93721, 77455, 71462, 104272, 103107]"
118,"[3060, 2355, 1641, 1, 3967, 4886, 46578, 6377, 1197, 4306]"
281,"[912, 920, 8533, 7579, 7361, 215, 164909, 97921, 111921, 55052]"
338,"[318, 68157, 58559, 296, 2571, 2959, 4954, 541, 48516, 1270]"
228,"[47, 50, 4226, 48516, 112556, 628, 6870, 74458, 67255, 51540]"
180,"[38061, 51255, 158238, 57669, 97306, 79592, 61024, 71535, 61132, 4011]"
355,"[97921, 4973, 69757, 56367, 1197, 7361, 46578, 104374, 111921, 164909]"
269,"[3911, 1288, 6296, 109374, 46578, 8874, 1732, 2502, 8376, 54503]"
576,"[4848, 2076, 5992, 79132, 7361, 4226, 3176, 8950, 81591, 2762]"
214,"[2156, 5664, 3554, 48150, 510, 3327, 8533, 4759, 511, 106883]"
508,"[215, 1036, 7361, 457, 97921, 189333, 8533, 5418, 164909, 79132]"
360,"[7361, 6711, 97921, 109374, 86882, 1682, 4973, 4979, 106920, 215]"
481,"[367, 344, 231, 6373, 69122, 8641, 54503, 60756, 34162, 6188]"
127,"[457, 48516, 6, 58559, 79132, 318, 2959, 593, 47, 48780]"
158,"[91947, 55247, 318, 134130, 97938, 47099, 4022, 1682, 48516, 80463]"
556,"[2406, 1197, 49286, 86882, 69406, 67734, 88163, 7826, 2671, 109374]"
154,"[905, 955, 898, 951, 6254, 936, 2935, 947, 3097, 2936]"
329,"[1097, 2761, 8961, 41566, 480, 2005, 1270, 2161, 2628]"
545,"[588, 364, 595, 1907, 2081, 1, 1022, 48, 2096, 783]"
315,"[1968, 2248, 1088, 1197, 2144, 3494, 8533, 1198, 457, 1304]"
146,"[1219, 1258, 1997, 593, 2160, 112515, 140267, 168250, 5617, 185029]"
245,"[364, 6377, 1, 362, 166461, 595, 588, 152081, 2081, 1907]"
383,"[1246, 7178, 1183, 515, 55052, 5992, 2739, 1959, 412, 3176]"
505,"[1092, 3101, 3274, 3249, 1343, 3535, 784, 1923, 231, 344]"
289,"[48516, 6, 7981, 27773, 38095, 318, 88129, 1218, 6016, 1617]"
324,"[46578, 97921, 6711, 109374, 56367, 1682, 7361, 4979, 8784, 4276]"
388,"[104, 1777, 216, 2694, 79134, 45672, 2335, 7293, 6287, 4220]"
